sjoerd/ba0bdeddfbefa72de1a3a3b5531a3a8f.pgm;0;sjoerd
sjoerd/9c02f3e2f0d10e9226ed5897a18c4f9e.pgm;0;sjoerd
sjoerd/486c8a807eeb4ba5b27ed53e5af9ad7e.pgm;0;sjoerd
sjoerd/94a87f4c8c6e45ce1f813ae510713fed.pgm;0;sjoerd
sjoerd/48b179f75d6059d3a774b2906baa529a.pgm;0;sjoerd
sjoerd/6dae73fe2ea694c47334862e127cfea6.pgm;0;sjoerd
luis/b5b3eaa4814ea11599a4c453f0d536fe.pgm;1;luis
luis/cb1a6cfed3c84eed7924d77d742ab297.pgm;1;luis
luis/11e273d45e5da04cad43391acb365636.pgm;1;luis
luis/db2371255ee9dd756a94211a54516e94.pgm;1;luis
luis/37d1164ac2007cb71998954e7298993d.pgm;1;luis
luis/8280664b4a8eacb4a08d9a865bca201a.pgm;1;luis
ton/90b8d81780d6a726360b9d977f01a933.pgm;2;ton
ton/aeb77dffec5837f7ef27cce4cf568893.pgm;2;ton
ton/24e5eb74f1d9be2423a223f0217ae191.pgm;2;ton
ton/75ae39d153a9a90893050e9cee277caf.pgm;2;ton
ton/39b90044ad25aea5e228dae36bd8be3e.pgm;2;ton
ton/8e78fcd9afe5d9accc4972cdda699a82.pgm;2;ton
janno/5500074bd87137e013b91fd27cc09bbe.pgm;3;janno
janno/c390123290ef0e749297de89b34a80e5.pgm;3;janno
janno/3864aa74b53c4a0dd95a8d4418e98dfb.pgm;3;janno
janno/67643e9306dc5f083ab5ea50ccbae5c4.pgm;3;janno
ramon/db2a51e17434af38ce248ad3aaddc099.pgm;4;ramon
ramon/ab86d9e3c561c6beddba8989a0c9223c.pgm;4;ramon
ramon/1cf143c1b42fc1fd5b76a592162a1e93.pgm;4;ramon
ramon/a84fc1086372460a271ccaed1082e169.pgm;4;ramon
rokus/2ead482d317d87de6f2335ea59868b0a.pgm;5;rokus
rokus/9b8e3ab7c255a2302636c202b88338ed.pgm;5;rokus
rokus/c917679d93ca1f765ee1ee3ee1df8034.pgm;5;rokus
rokus/257dac62619f1d2c5678bff100ee0623.pgm;5;rokus